"","Time","Fall"
"1",1977,0.487553648068669
"2",1978,0.458562231759657
"3",1979,0.458283261802576
"4",1980,0.467789699570816
"5",1984,0.46568669527897
"6",1985,0.495171673819742
"7",1986,0.495021459227467
"8",1991,0.486802575107297
"9",1994,0.503669527896997
"10",1998,0.479721030042917
"11",2003,0.485000000000001
"12",2004,0.484055793991415
"13",2007,0.481008583690987
"14",2009,0.495729613733906
