"","Time","Fall"
"1",1977,0.380755939524839
"2",1978,0.384082073434126
"3",1979,0.367710583153348
"4",1980,0.364470842332614
"5",1984,0.387354211663068
"6",1985,0.379049676025918
"7",1986,0.376414686825054
"8",1991,0.355021598272138
"9",1994,0.35927645788337
"10",1998,0.376328293736502
"11",2003,0.364784017278618
"12",2004,0.371846652267818
"13",2007,0.376414686825054
"14",2009,0.389719222462203
